Emplyee name,Layoff
Abbey Schindler,1
Abe J Macleod,1
Abe Morales,1
Abe X Paro,1
Abram Q Keffer,1
Abram S Manrique,1
Adalberto W Creek,0
Adam B Katzer,1
Adelaide L Harrop,0
Adele M Burnam,1
Adelia Abbas,1
Adelia U Villagomez,1
Adell W Trower,1
Adella U Foushee,1
Adelle E Brunner,1
Adria M Melendrez,1
Adriana O Medved,1
Agnes Blow,1
Agnes D Doud,1
Ahmad V Lynde,1
Ahmed C Minch,1
Ahmed I Strope,1
Ahmed V Lease,1
Aiko Blossom,1
Aileen F Hiltz,1
Aileen Hiltz,1
Akiko S Godby,1
Al Fegley,1
Alanna L Tyrell,1
Albert Z Dunford,1
Alda F Penning,1
Alden Cauley,1
Alden Y Cauley,1
Alease Lander,1
Alease Y Lander,1
Alec Mcnees,1
Aleisha H Mathew,1
Alesia B Bear,1
Alexis C Amaral,1
Alexis D Bonelli,1
Alexis Q Grose,1
Alfonzo Knupp,1
Alfred L Strausbaugh,1
Alina L Prowell,1
Alise Baltzell,1
Alise O Baltzell,1
Alisha D Coppock,1
Aliza X Sammons,1
Allen L Vachon,1
Allene T Lepe,1
Alline V Kushner,1
Allyn O Farrior,0
Allyson I Ours,1
Almeda M Dunford,1
Alonzo W Stanford,1
Alphonso Laffoon,1
Alphonso U Laffoon,1
Alysia Basil,1
Amada J Knouse,1
Amado C Bonet,1
Amelia H Burbank,1
America V Lobel,0
Amiee Z Chaffins,0
Analisa X Birdsell,1
Andre Q Maxon,1
Andrea Rhymes,1
Andreas L Kennard,1
Andreas T Viles,1
Andres P Towles,1
Andres S Garner,1
Andrew D Hersey,1
Andrew Detweiler,0
Andrew P Detweiler,1
Andria Z Reza,1
Angel F Palomino,1
Angel Ferebee,1
Angela P Lorenzen,1
Angelo B Fitzmaurice,1
Anibal F Pieper,1
Anisha Jasmin,1
Annabelle E Encinas,1
Annette Jolin,1
Antone Polston,1
Antone W Polston,1
Archie Blair,1
Arden B Fujita,1
Arlen F Maly,1
Arlen Joly,1
Arlen M Joly,1
Arlen Z Vanslyke,1
Armando H Seaborn,1
Armida Bridwell,1
Arnoldo D Mckeen,1
Aron Durante,1
Arron R Vegas,1
Arturo N Halvorsen,1
Asa E Kunze,0
Ashanti R Swim,1
Ashlie G Cadena,1
Asley F Mcewan,1
Astrid Marinelli,1
Astrid R Marinelli,1
Asuncion X Braunstein,1
Audrea B Prather,1
Audrea K Papineau,1
Audria W Barrios,1
Audrie X Mccammon,1
August C Navarette,1
August C Strother,1
August F Dones,1
Augusta G Kircher,1
Aundrea W Lundberg,1
Aurelio K Wyckoff,1
Austin Janney,1
Ayako Bachmann,1
Ayako L Bachmann,1
Barak Sali,1
Barrie Collman,1
Barrie E Collman,1
Bart B Gilcrease,1
Beatrice A Knopf,1
Beatrice Coen,1
Beatrice T Coen,1
Bell N Molinaro,0
Belva Fitzwater,1
Ben Gigliotti,1
Ben Lagrange,1
Ben N Lamson,1
Ben U Gigliotti,1
Benedict B Wix,1
Benedict U Daye,1
Bennie E Manfredi,0
Benny S Brinker,0
Berna Z Stoller,1
Bernard A Harbert,1
Bernard Harbert,1
Bernard N Weatherly,1
Bernarda E Gervais,1
Bernardina X Roesch,1
Bernardo I Garzon,1
Bernardo X Barbee,1
Bernie M Kish,0
Bert Q Lauritzen,1
Bert S Kinkade,1
Bertha E Harbison,1
Beryl Helsel,1
Bethann Marini,1
Bill Tarkington,1
Billie Liang,1
Birdie Savoy,1
Blanch Y Mysliwiec,1
Bo E Curlee,1
Bobbie P Chumley,1
Bobbie Q Holbrook,1
Bobbie S Miner,1
Bobbie X Schoenrock,1
Bong M Alvares,1
Bonny Poor,1
Bonny S Poor,1
Boris A Mccown,1
Brad I Pattison,1
Bradford K Marlatt,1
Brande Sevier,1
Brendon E Mone,1
Brendon J Camp,1
Brendon V Crowther,1
Brent U Perlman,1
Brenton U Boyett,1
Bret C Delancey,1
Brett Z Vadnais,1
Bridget D Spadaro,0
Bridget Rake,1
Brigitte D Fendley,1
Britt P Shivers,1
Britt Shivers,1
Bruna R Welke,1
Bryan J Stampley,1
Bryan V Guyton,1
Bryanna Pyron,1
Bryant L Kinsman,1
Bryce B Edens,1
Buck H Rancourt,0
Buck Rancourt,1
Bud Kistner,1
Bud L Lofgren,1
Bud Lofgren,1
Buddy G Steinbeck,1
Buddy W Lofgren,1
Buford Q Giancola,1
Bula Reich,1
Burton C Jin,1
Caleb Luther,1
Cameron A Chamberland,0
Cameron Chamberland,1
Cameron K Gratton,1
Candelaria Q Zajicek,0
Candelaria Zajicek,0
Carey J Sandlin,1
Carey N Mccready,1
Carl M Paddock,1
Carlo B Ali,1
Carlos Banh,1
Carlotta T Ryles,1
Carlton P Bose,1
Carlton P Mahurin,1
Carly L Sirianni,1
Carmelia E Bergeron,0
Carmelia R Lattimer,1
Carmen F Barret,1
Carmen U Benbow,1
Carmon A Howlett,1
Carolin T Loya,1
Carolina B Pasillas,1
Carolynn V Moynihan,1
Carrol Arend,1
Carrol O Arend,1
Carter B Hilderbrand,1
Carter C Hunt,1
Casey D Krier,1
Cassaundra K Polito,1
Cayla Mealy,1
Cecil Teixeira,1
Cecily D Houser,1
Cedric N Cavallo,0
Cedrick Engelhardt,1
Cedrick K Engelhardt,1
Cedrick M Cordle,1
Celesta L Reeser,1
Celestine H Alderson,1
Celinda C Magruder,1
Celine Baskin,1
Chadwick I Hargreaves,1
Charity N Denman,1
Charles S Nicholes,1
Charlie Moxley,1
Charlie V Koeller,1
Chase J Paradise,1
Chase Paradise,1
Chase T Scurry,1
Chau R Barron,1
Chauncey Southerland,1
Chaya W Caudle,1
Chere Patchett,1
Cheree Lusk,1
Chester N Sitz,1
Chi S Clopton,1
Ching D Applegate,1
Chris Braggs,1
Chrissy H Edmonson,1
Christena Kratz,1
Christene Blakemore,1
Christene F Blakemore,0
Christene L Mccaleb,1
Christi H Amaker,1
Christie Rodger,0
Christoper K Manzano,1
Chung J Moynihan,1
Cicely W Colton,1
Cindie T Madden,1
Clara B Sifuentes,1
Clarence Hinkson,1
Clarence J Hinkson,1
Claretta D Wingert,1
Clark Spence,1
Claudio Q Bien,1
Clemente S Wiechmann,1
Clemmie F Montague,1
Cleveland A Zinke,1
Cleveland Franko,1
Cleveland W Franko,1
Cliff Skipworth,0
Clint Q Orear,1
Clint Q Strayhorn,1
Clint Strayhorn,1
Clinton Tschida,1
Clotilde Mason,1
Clotilde X Mason,1
Clyde P Ponton,1
Cole Dellinger,1
Cole M Dellinger,1
Cole N Poling,0
Colin V Likens,1
Colleen B Lenihan,1
Colton B Salzman,1
Colton Salzman,1
Conrad R Saito,1
Conrad Saito,1
Cordell M Tweedy,1
Cordell Riche,1
Cordia M Knopp,1
Corey F Stowe,1
Corina U Korhonen,1
Cortez F Espiritu,1
Coy I Gentner,1
Cristal Q Kucharski,1
Cristi T Clem,1
Crystal Comes,1
Crystal U Comes,1
Curtis E Quayle,1
Cyndy Ary,1
Cyndy H Ary,1
Cythia I Stecker,1
Daina U Ledet,1
Dale Childers,1
Dale E Childers,1
Damian F Mcgaughey,1
Damian X Grist,1
Damien A Izquierdo,1
Dane Lawrence,1
Danette A Kuykendall,1
Daniel L Nava,1
Danilo Hammes,1
Danilo S Hammes,1
Darcel P Burford,1
Darin Keitt,1
Darin U Shipp,1
Darren U Shoulders,1
Darron Tittle,1
Darwin W Lemoine,1
Davida A Funkhouser,1
Davis Z Gaylor,1
Dawna T Woodbury,1
Dawne Y Gardner,1
Dayna M Edmondson,1
Deandre U Groleau,1
Deane I Keown,1
Deanna P Scoggin,0
Debbie C Lipsey,1
Debrah X Flury,1
Dee Joslyn,0
Deeanna E Cluck,1
Delana I Selfridge,1
Delana Y Freedman,1
Delfina O Day,1
Delphine P Carpio,1
Delsie R Tennison,1
Demarcus Recio,1
Denis T Yelle,1
Denis Y Fehr,1
Dennis K Cayer,1
Deon U Mounce,1
Derick A Macey,1
Derrick Culbreth,1
Deshawn O Mankin,1
Desirae D Ginn,1
Desirae Ginn,1
Desiree L Sobel,1
Detra D Rymer,0
Devin Hales,1
Devin U Hales,1
Dewayne X Groom,1
Dian I Peachey,1
Digna Q Eck,0
Dion K Taylor,1
Dion Taylor,1
Don Southwick,1
Donald H Mazur,1
Donald P Phaneuf,1
Dong B Sturdevant,1
Dong Sturdevant,1
Donna R Woodrum,1
Donnell Babbitt,1
Donte H Granger,1
Donya G Rodden,1
Dorethea U Engram,1
Doria Z Crouse,1
Dorla G Westberry,1
Dorothea J Canterbury,1
Dorothy Gard,1
Dorothy Q Gard,1
Dortha Z Harty,1
Dottie D Hagaman,1
Dottie Hagaman,1
Doug B Southwick,1
Douglas Cull,1
Dovie F Larue,1
Dovie Nickerson,1
Dovie U Nickerson,1
Doyle Grindstaff,1
Doyle N Utter,1
Doyle T Grindstaff,1
Doyle Utter,0
Drucilla Simkins,1
Dudley G Slocum,1
Dudley Slocum,1
Dulce E Grizzard,0
Dulce Grizzard,1
Duncan O Maheu,1
Dustin Y Espey,1
Dusty L Kugler,1
Dwain O Upham,1
Dwain Upham,1
Dwayne Marker,1
Dwayne W Marker,1
Earlean Funke,1
Earlean Y Funke,1
Earnest H Birkholz,1
Eartha Z Oceguera,1
Ed Shockley,1
Ed X Shockley,1
Eda O Brase,1
Edgar Teer,1
Edmund K Masuda,1
Edmund Mcclung,0
Edmundo R Rew,1
Edra M Guthrie,1
Effie Jelinek,1
Efrain L Wass,1
Efrain Moats,1
Efren G Ager,1
Ela K Hames,0
Eladia A Braggs,1
Elaine B Randazzo,1
Eldridge B Bose,0
Eldridge Bose,1
Eldridge M Benningfield,1
Eleanor D Dickson,1
Eleanora Farthing,1
Elease H Burger,1
Elenor B Gibbs,1
Elenora S Whitehill,1
Elenora V Halley,1
Eleonora Pollard,1
Eleonora S Pollard,1
Elias Pinkard,1
Elias Y Pinkard,1
Elijah P Elkin,1
Elijah X Ahmad,1
Eliz R Linneman,1
Elliott Chess,1
Ellis J Mccune,1
Ellis V Mcneel,1
Elmo G Pagano,1
Elois Z Ono,1
Eloise Demoss,1
Eloise Z Demoss,1
Elroy Kimbler,1
Elroy L Shorts,1
Elroy N Kimbler,1
Elsie S Depaz,1
Elsy B Latta,0
Elsy Beyer,1
Elvis J Stroh,0
Elvis Stroh,1
Elvis Veiga,0
Elwood T More,1
Emeline I Richer,1
Emery P Sorrells,1
Emiko Z Lolley,1
Emile Aponte,1
Emma Dice,1
Emma Monti,1
Emma X Monti,1
Emmanuel G Chamorro,1
Emmitt X Plante,1
Employees,1
Ena Mullins,1
Ena Thor,1
Enda Kirchner,1
Eric C Irvine,1
Erica S Harlan,1
Erik W Steffen,1
Erin K Stclair,1
Erin L Jasmin,1
Ernestine E Fludd,1
Ernestine Fludd,1
Esmeralda N Veliz,1
Estella E Miley,1
Etsuko O Wilmot,1
Ettie S Stilwell,1
Eveline B Strecker,1
Evon Q Lawson,1
Ewa B Staples,1
Exie C Bradham,1
Ezequiel N Shell,1
Ezra Calvert,1
Fabian Say,1
Faustino Scheffel,1
Fawn Buckman,1
Fe A Schrock,1
Federico B Edmond,1
Federico Edmond,1
Federico I Carlile,1
Felisha Q Ettinger,1
Felix S Croker,1
Femi Grek,1
Ferdinand Ramsdell,1
Fermin L Zapata,1
Fernando Korhonen,1
Fernando S Korhonen,0
Forest Z Blewett,1
Forest Z Hacker,1
Forrest Q Zell,1
Francis O Encarnacion,1
Frank O Mallon,1
Frankie I Speed,1
Franklyn V Hummell,1
Freddie C Headen,1
Freddy A Rolling,1
Freddy Rolling,1
Fredericka J Varney,1
Gabriel E Pearsall,0
Gabriel S Beale,1
Galina G Woodbury,1
Garland J Verville,1
Garland Z Leavell,1
Garnett Dryer,0
Garret Flakes,1
Garrett Nolette,0
Garrett S Nolette,0
Gavin V Mckillip,1
Gearldine Stolte,1
Gema S Grover,1
Gemma I Chilton,1
Genaro Lukasik,1
George U Clouser,1
Georgiann C Harrell,1
Georgiann Harrell,1
Gerardo Q Bergen,1
Geri M Tuthill,1
Gerry D Woolery,1
Gerry Harvey,1
Gerry X Koh,1
Gertrud B Glidden,1
Gertrud Glidden,1
Gia M Casas,1
Gidget X Loring,1
Gilbert M Wolfgram,1
Gilbert Z Bloss,1
Gilberto U Greaves,1
Giovanna M Clift,1
Giuseppe D Chouinard,1
Giuseppina Dagostino,1
Giuseppina E Fink,1
Giuseppina N Dagostino,1
Glady Q Kump,1
Glenn N Vinyard,1
Glenn Vinyard,1
Gracie P Lett,1
Grady Y Perera,1
Graham O Romeo,1
Gregorio H Hottinger,1
Gregory I Kidwell,1
Grisel R Whitty,1
Grisel Sutton,1
Grover Mcgahey,1
Guillermo X Schwan,1
Gustavo F Rouse,1
Guy S Troy,1
Gwyn E Etzel,1
Gwyn Etzel,1
Gwyn I Parish,1
Gwyn N Mitzel,1
Hai Y Arden,1
Hal K Kells,1
Hal Kells,1
Haley G Bova,1
Hannah K Ma,1
Hans G Koh,1
Harland S Renshaw,0
Harriett A Mccurry,1
Hassan Radabaugh,1
Hayden E Novack,1
Hayden J Jang,1
Heath Aikin,1
Heath Fell,1
Heath K Fell,1
Herb B Irving,1
Heriberto Rollo,1
Heriberto Starkey,1
Heriberto Y Starkey,1
Herlinda U Negron,1
Hermila X Crosslin,1
Hester B Cabana,1
Hettie S Lauber,1
Hiram K Stokely,1
Holley M Cathcart,1
Holli G Ethridge,1
Hollis Z Carr,1
Homer Hollowell,1
Honey D Eaves,0
Hong M Townson,0
Horace Hobart,1
Horacio S Salazar,1
Hosea B Michelson,1
Houston K Joe,1
Hoyt O Reiss,1
Hubert L Kirkland,1
Hugh N Chavira,1
Hui Bizzell,1
Hui E Bizzell,1
Hung H Nicola,1
Hyun M Gloss,1
Hyun Z Bynoe,1
Iliana Fogle,1
Iliana M Fogle,1
Ilse X Harr,1
Ingeborg Z Weisser,1
Inger Gillan,1
Inocencia Z Buteau,0
Irene Ellerbee,1
Irving C Pillar,1
Irwin River,1
Isaac O Dempster,1
Isaac Tsan,1
Isabella X Russell,1
Isaiah G Parrish,1
Isaiah Y Magwood,1
Isiah S Coppock,1
Isiah Wilkie,1
Isis F Hash,1
Isis N Rufus,1
Isobel K Dance,1
Israel T Hertzler,1
Isreal F Metoyer,1
Isreal Metoyer,1
Ivan A Groner,1
Izetta B Alford,1
Izola E Ye,1
Jacinda X Michalec,1
Jacinta Y Cheney,1
Jack J Warfel,1
Jack Partin,1
Jackie P Montague,1
Jackie Sachs,1
Jae B Isabell,1
Jaleesa I Averett,1
Jamaal Resto,1
Jamaal Z Resto,0
Jamal G Dimarco,1
Jamel Meaney,0
Jamey S Seim,1
Jamison Crutchfield,1
Jamison U Crutchfield,1
Janean A Tyler,1
Janessa M Drennen,1
Janie P Caswell,0
Jaquelyn C Holzman,1
Jarred C Class,1
Jarred Class,1
Jason V Gravois,1
Jasper P Barnaby,1
Jayme B Shimer,1
Jayson S Carrol,0
Jazmin Wheless,1
Jc Meyers,1
Jc S Meyers,1
Jeanetta N Norden,1
Jeanna U Li,1
Jeff E Lucero,1
Jeff Mallon,1
Jeff W Zacarias,1
Jefferey Folkerts,1
Jefferson N Thurman,1
Jeffery A Brafford,1
Jeffrey Berg,1
Jenell S Sauers,1
Jeneva Y Bybee,1
Jennefer Ours,1
Jenni Olguin,0
Jennifer Z Pridgen,1
Jeramy F Metoyer,1
Jeramy T Londono,1
Jeremiah Harriss,1
Jeremiah N Curran,1
Jeremy Belew,1
Jerlene P Dunnigan,1
Jerome P Whitefield,1
Jerome Spangler,1
Jerome Whitefield,1
Jerrell Mcfarlin,1
Jerri Dunkle,1
Jesus E Mclelland,1
Jesus H Guillen,1
Jesus Tafolla,1
Jewel R Willhite,1
Jillian Harry,1
Jim J Lurie,1
Jimmie A Rorie,1
Jimmie Esqueda,1
Jimmie F Vasquez,1
Jimmy Canaday,1
Joanie N Folkerts,1
Joanna Deforest,1
Joanna H Deforest,1
Joanna M Sandefur,1
Joannie E Wolters,1
Joaquin Vaz,1
Jocelyn Q Scotti,0
Jody K Rude,1
Jody Slavens,1
Joel S Maine,1
Joesph Y Shrout,1
Johnie Centers,1
Johnie V Centers,1
Jolanda Dewees,0
Jolanda L Dewees,1
Joleen H Chea,1
Joline Frisby,1
Jon Arvizu,0
Jon Behler,1
Jong Borchers,1
Jong U Borchers,1
Jordan D Phu,1
Jordan Phu,0
Jorge R Coghlan,1
Jose P Tubbs,1
Josette Betancourt,1
Josette R Betancourt,1
Josiah R Gutierres,1
Josie Hofman,1
Judith D Gourdine,1
Judith Gourdine,1
Judson Y Hodson,1
Jules Shugart,1
Julio Bryce,1
Julio Dockery,1
Julio P Bryce,1
Julio P Dockery,1
Julius N Bakker,1
Julius Q Stock,0
Junita Huhn,1
Junita Y Huhn,1
Kaci Whitacre,1
Kacy Cairns,1
Kali Kennamer,1
Kandis Owenby,1
Karie Renninger,1
Karima Metivier,1
Karisa B Glidewell,1
Karisa Glidewell,1
Karl O Langlinais,1
Karlene L Mckean,1
Kasi Blakeslee,1
Kassie Akers,1
Kassie Q Binder,0
Kate O Paull,1
Katelin F Coney,1
Katheryn Holtzclaw,1
Katia Foran,1
Katie N Kinnison,1
Kaye Tubbs,1
Keenan W Spruell,1
Keila A Lucas,0
Keila F Lofland,1
Keira Till,1
Keira Y Till,0
Keith B Macha,1
Keith E Moyes,1
Keith Q Ofarrell,1
Keitha Foran,1
Kellee L Gravelle,1
Ken X Weisberg,0
Kendrick Burchette,1
Kendrick C Burchette,1
Kenneth Lucius,1
Kenton Q Villalta,0
Kenton Villalta,1
Kermit L Mcphail,1
Kermit Mcphail,1
Kerri Y Card,1
Keven A Jewell,1
Keven Bingham,1
Keven F Bingham,1
Keven H Araiza,1
Khalilah A Campo,1
Kiara G Abrahamson,1
Kiara T Martinez,1
Kieth D Castelli,1
Kieth G Coney,1
Kimberlee J Hawkins,0
Kimberly Duquette,1
Kimberly K Carr,1
Kindra V Cruickshank,1
Kirby W Estrella,1
Kirstie Macey,1
Kirstie W Macey,1
Kitty S Sickles,1
Kizzy W Brazelton,1
Korey I Garrity,1
Korey U Eddington,1
Kori J Fairfax,1
Kraig P Brownfield,1
Kris Bice,1
Kris L Bice,1
Krishna G Raby,1
Krissy S Valazquez,1
Kristal F Bickford,1
Kristen A Beauchemin,1
Kristie E Jain,1
Kristle D Figgs,1
Kristofer N Calahan,1
Kristofer Y Fizer,1
Kristopher Alejos,1
Kurtis C Irons,1
Kylie K Freda,1
Lacy Deshotel,1
Lacy Q Deshotel,1
Lakenya Z Mccroskey,1
Lala C Marquez,1
Lala R Denman,1
Lamar A Partida,1
Lamar L Legg,1
Lamar W Estill,0
Lamont J Brescia,1
Lance Pennington,1
Lanelle W Berlanga,1
Larisa Still,0
Larisa X Strauss,1
Larry K Mash,0
Larry Osby,1
Lashaunda Y Munden,1
Latanya C Law,1
Latia Gleaton,0
Latrice Kirch,1
Launa N Kohl,0
Lauren O Guzzi,1
Lauren R Hennessy,1
Laurena P Caston,0
Laurence K Ryles,1
Laurinda Dinh,1
Lavada Maldanado,1
Lavada W Maldanado,1
Lavette P Cheney,1
Lawerence W Abernethy,1
Leanna X Tibbetts,1
Leda X Haskell,1
Leda Y Fabre,1
Leif Harness,1
Leif Y Harness,1
Leigh Y Haws,1
Leland C Fifield,1
Leland David,1
Lemuel V Darden,1
Lemuel W Hardman,1
Lenny U Rister,0
Leonel S Yuan,1
Leonia Y Derosier,1
Leonore Reason,1
Leopoldo U Hole,1
Leroy H Styron,1
Les Priolo,1
Les V Bejarano,1
Les V Gran,1
Lesha K Cai,1
Lesley Macpherson,1
Leslie I Stolte,1
Leslie Stolte,1
Lester Coldiron,1
Letha L Apel,1
Leticia V Lewandowski,1
Lewis M Racette,1
Lezlie Z Bohannan,1
Lia J Liner,1
Lia Liner,1
Liana T Quesenberry,1
Liane U Grafton,1
Lianne M Sweeney,1
Lianne Sweeney,1
Liberty A Shroyer,1
Lidia Kuiper,1
Lidia S Gerling,1
Ligia Hoeft,1
Lilli Tartt,1
Lincoln D Cauley,1
Lincoln D Demaria,1
Lincoln Demaria,1
Lindsey W Whittle,1
Lindy M Reel,1
Linette Q Menard,1
Linh U Ashton,1
Linn Plummer,1
Lino M Lizarraga,1
Linsey P Orsini,1
Linwood H Carter,1
Linwood J Franqui,1
Lisa C Sheridan,1
Lisette F Cowley,1
Liz R Lomonaco,1
Lizzette G Moyle,1
Lizzette Moyle,1
Lizzie D Ratcliff,1
Logan D Berryman,1
Lois Cozad,1
Lona T Collar,1
Londa Petrey,1
Londa T Maya,1
Loraine Barnes,1
Loralee V Ball,1
Loren H Mckenzie,0
Loren I Casady,1
Loren Isaac,1
Lorette Y Petrillo,1
Lorri Garney,1
Lorriane P Ho,0
Lottie Bonin,1
Lottie G Bonin,1
Lou Baine,1
Louann X Sakamoto,1
Love G Lent,1
Lowell Demmer,1
Lucas Funes,1
Lucas P Funes,1
Luciana N Campfield,1
Lucienne U Clyne,1
Lucinda Z Borton,1
Lucius C Moorhead,1
Lucy Reiser,1
Luella W Kemmerer,1
Luigi G Lembo,1
Luke S Tumlin,1
Lyla Donald,1
Lyla Q Donald,1
Lyn Q Tso,1
Lyn Tso,0
Lyndon Dunkley,1
Lynn M Blocher,1
Lynwood Durfee,1
Lynwood Q Durfee,1
Mac Lineberry,1
Mac U Palmquist,1
Mac V Lineberry,1
Mack L Lykes,1
Madalene J Martine,1
Madelyn W Boos,1
Magaly Mcneel,1
Magaly U Mcneel,1
Maire Mair,1
Malcolm Y Bonaparte,1
Malcom Darrah,1
Malcom L Meister,1
Man W Bean,1
Mandy Lavalley,1
Mandy W Lavalley,1
Marcell T Farias,1
Marcella Mapp,1
Marcella Z Mapp,1
Marcellus H Macintyre,1
Marcellus Jalbert,1
Marco J Desilva,1
Marg Dunfee,1
Margarett E Mulford,1
Margarite E Blalock,1
Margarito M Oxendine,1
Margarito O Retana,1
Margarito Retana,1
Marget Dials,1
Margit E Gallion,1
Margit Gallaher,1
Margrett M Confer,0
Mariam F Pinheiro,1
Mariano F Leary,1
Mariano Y Kyles,1
Maricela Pendergrass,1
Marina X Quayle,1
Maris S Briggs,1
Marissa S Hughes,1
Marivel Seiter,1
Mark F Hamman,1
Marketta Candelaria,1
Markus J Lamm,1
Marlana W Zak,1
Marleen R Guyette,1
Marlon M Caddell,1
Marni O Otter,1
Mary Y Tate,1
Maryellen E Zackery,1
Maryellen H Hartness,1
Maryjo Mccloy,1
Maryln H Springfield,1
Marylouise Howland,1
Marylyn K Ditto,1
Marylynn Ealey,1
Marylynn G Ealey,1
Mason Shiflett,1
Mathilda Monty,1
Matt D Bramblett,1
Mauricio I Streets,1
Mauricio U Talty,1
Maximina K Frates,0
Maxwell Azevedo,1
Maxwell H Azevedo,1
Maybelle Rush,1
Mckinley H Scofield,1
Meda I Hayner,1
Mei H Silvera,1
Melida R Corle,1
Mellissa Hembree,1
Mervin E Goering,1
Mervin Goering,1
Meryl B Jude,1
Meryl Gow,1
Meryl I Nau,1
Meryl Nau,1
Mica Z Herzberg,1
Micaela N Buker,1
Micheal F Mcleroy,1
Mickey E Hentges,1
Mickey Hentges,1
Micki R Jauregui,1
Mignon H Ballesteros,1
Mignon Q Dills,1
Miguel P Karp,1
Mika J Rodriquez,1
Mika Rodriquez,1
Mike A Waddington,1
Miles Lambert,1
Miles N Light,1
Millicent G Mangan,1
Millicent Mangan,1
Min X Buckmaster,1
Mina P Shotwell,1
Mina Shotwell,1
Minta J Branham,1
Mirian E Gorman,1
Mirtha Herzig,1
Mirtha X Herzig,1
Misti H Mendenhall,1
Misti Royal,1
Moises U Hughs,1
Molly U Rasch,1
Monte F Mcginn,1
Monty C Hughes,1
Morgan Carriere,1
Morgan K Rathbun,1
Morgan Leonetti,1
Morgan O Carriere,1
Morgan V Leonetti,1
Mose Brucker,1
Mose O Brucker,1
Mumin Yusha,1
Murray D Pennock,1
Myles G Strum,1
Myra H Parra,1
Myron Elsea,1
Myron V Elsea,1
Nadia B Rosner,1
Nancy V Trogdon,1
Nannette Ressler,1
Nannie Z Seeman,1
Narcisa C Rayburn,0
Natasha L Mcelhannon,1
Nathan Avendano,1
Nathan V Avendano,1
Nathanael G Mcmillin,1
Nathanael Halloway,1
Nathanael W Ohl,1
Neil Gebhard,1
Neil V Gebhard,1
Neil Z Stoughton,1
Nelida E Cheeks,1
Nella Mckeown,1
Nelson Dubuc,1
Nelson O Dubuc,1
Neomi P Pitchford,1
Nestor T Ventura,1
Nettie T Mccandless,0
Newton L Cromartie,1
Newton V Scalia,1
Ngoc P Pogue,1
Ngoc X Watson,1
Nicholas B Salcedo,1
Nick Q Packard,1
Nickolas G Grossi,1
Nicola S Bellis,1
Nicolle A Crothers,1
Nigel K Wadsworth,1
Nigel O Sansom,1
Nigel V Dupras,1
Nikia Z Thrasher,1
Nilsa Arambula,1
Noah O Love,1
Noble Sanderson,1
Noel Garon,1
Nolan V Velazco,1
Norris P Ewen,1
Novella B Osman,1
Novella Osman,1
Odette Gorden,1
Olevia U Cartier,1
Oliver Mouzon,1
Omer H Moultrie,1
Ona K Koepp,1
Oren M Mcnabb,0
Oren Mcnabb,0
Orval N Pichardo,1
Orval Olinger,1
Orval Q Olinger,0
Orval Q Schlesinger,1
Orville Marcantel,1
Orville Massey,1
Oscar R Bovee,1
Oswaldo Baumbach,1
Otha Sylvester,1
Otha T Orrell,1
Otto Reilly,1
Palmer O Beamer,1
Pansy Duchesne,1
Pansy F Duchesne,1
Paola R Timberlake,1
Paris U Leite,1
Patria D Riedel,0
Patrick H Gilleland,1
Patty Hosey,1
Paz J Hegwood,1
Perry E Huddleston,1
Perry Outland,1
Pete B Donnelly,1
Petrina B Dampier,1
Petrina Dampier,1
Phil Czarnecki,1
Phil G Czarnecki,1
Phil T Urena,1
Philip Trinidad,1
Philip X Trinidad,1
Phillip Crabill,1
Phyllis Figueredo,1
Porfirio Houghton,1
Porsche Dearing,1
Prince Maloof,1
Providencia Hennings,1
Queenie M Alder,1
Quinn Linneman,1
Rachelle M Burkhead,1
Rafaela Madrid,1
Rafaela N Madrid,1
Raguel Yeager,1
Ramon Heldt,1
Ramona V Hemphill,1
Ramona W Rand,1
Ramonita Z Fincher,1
Randal J Kahle,1
Randal Kahle,1
Randee O Cassity,1
Randee X Blunt,1
Raphael W Kellner,1
Rashida M Durante,1
Raye T Willmon,1
Raymon I Chavarria,1
Raymond U Flavin,1
Raymundo Pecora,0
Reagan H Costas,1
Reanna I Hampton,1
Reatha E Osby,1
Rebeca Kromer,1
Reed O Vella,1
Reed Vella,1
Reggie Cramer,1
Reinaldo Castellanos,1
Reinaldo G Castellanos,0
Renaldo K Cheatham,1
Rene Morel,1
Ressie Goodwyn,1
Ressie I Goodwyn,1
Retha G Nealy,1
Rex K Dion,1
Reyes X Segal,1
Reynalda M Millwood,1
Reynaldo S Service,0
Rhett A Chapple,1
Rhett H Goode,1
Rich Cleek,1
Rich Q Rehberg,1
Rich Rehberg,1
Richard C Truman,1
Richard J Fetter,1
Richelle Haffner,1
Richie I Weisz,1
Rick E Armenta,1
Rick Y Haefner,1
Rickey I Delk,1
Rina L Chacon,1
Rob Spier,1
Robbie N Heckman,1
Robert Ancheta,1
Robert C Ancheta,1
Robert F Trudeau,1
Robert Winsor,1
Roberto A Fresquez,1
Roberto U Derry,1
Robin Z Stewart,1
Rod Catania,1
Rodney Leonardo,1
Rogelio Finnerty,1
Rogelio Ledezma,1
Rolando Womble,1
Ronnie E Swim,1
Ronnie G Gumbs,1
Ronnie H Upton,1
Ronnie Upton,1
Rory Syed,1
Rosa Iler,1
Rosaline H Brenneman,1
Rosalva G Shepley,1
Rosanna D Standley,1
Roscoe Tunney,1
Roselia F Britton,1
Rosella E Marron,1
Rosemarie K Fellows,1
Rosetta Messerly,1
Rosette F Cascio,1
Rosina Gonsalves,1
Ross Imai,1
Rosy U Baumeister,1
Roy W Wilkie,1
Royal U Okeefe,1
Royce K Goodwyn,1
Rozanne N Mielke,1
Rubin Confer,1
Rubin E Confer,1
Ruby B Hare,1
Rueben X Pidgeon,1
Rufus F Furlong,1
Rufus Neufeld,1
Russ I Teed,1
Russ U Belliveau,1
Russel Baumer,1
Rusty Bibby,1
Sal C Heiden,1
Salena I Santillan,1
Salena Santillan,1
Salvatore J Lindell,1
Sam C Limones,1
Sam E Lacey,1
Samantha V Lucky,1
Sammy C Holtzclaw,1
Samuel Dart,1
Sanford Knee,1
Sarita P Schubert,1
Scott D Torrey,0
Scott K Ricco,1
Selma Abram,1
Sena U Delrosario,1
Serina Lingle,1
Seth N Lipsky,1
Seth Willilams,1
Shanelle Z Hick,1
Shannon J Force,1
Shanti F Quirion,1
Shanti P Brinegar,0
Shanti Quirion,1
Shara Millsap,1
Sharda W Choudhury,1
Sharita Y Lombardi,1
Sharlene Klein,1
Sharonda Janzen,1
Sharri Z Gormley,1
Sharyl Y Torian,1
Shasta F Bay,1
Shasta P Depuy,1
Shavon K Wescott,1
Shavonne B Boylan,1
Shavonne Henkle,0
Shawanda Ostlund,1
Shayne T Claytor,1
Sheila F Bergman,1
Shemika D Porterfield,1
Sherise Bledsoe,1
Sherise C Bledsoe,1
Sherlene E Mcdaniel,1
Sherryl B Raker,1
Sherryl Raker,1
Sherwood K Shire,0
Sheryll X Broadbent,1
Shirl M Caraballo,1
Shirley H Mettler,1
Sidney D Amore,1
Silas J Wojcik,1
Silas S Pyatt,1
Silvana V Hendrix,1
Simon G Cromwell,1
Sixta H Jo,1
Sixta Jo,1
Sol Coffman,1
Sol K Roger,0
Solange Landaverde,1
Son D Ricketts,1
Sonny Najar,1
Sophia F Knecht,1
Stacey H Galante,1
Stacy B Kennell,1
Stan I Folks,1
Stan S Watt,1
Stanley Caudill,1
Stanley F Casillas,1
Stanton Y Cavallaro,1
Stasia L Daley,1
Stefanie P Rose,1
Stephan Q Ranger,0
Stephnie Millman,1
Steve S Everette,1
Steven B Daigneault,1
Steven Daigneault,1
Stewart Mazurek,0
Stuart Fullwood,1
Suellen Eoff,1
Sunshine F Earle,1
Susan Barra,1
Susana H Hooks,0
Susana Hooks,1
Susann A Faucett,1
Suzette F Lovejoy,1
Suzette Lovejoy,1
Sydney Trosper,1
Sylvester Harmer,1
Sylvester M Harmer,1
Sylvester Z Blackledge,1
Tad Laster,1
Tad Portillo,1
Tad V Laster,1
Talisha F Nicklas,1
Tamera Balser,0
Tamesha I Knepper,1
Tamica J Holoman,1
Tammi S Garret,1
Tammy Staples,1
Tammy Z Lorentz,1
Taneka Q Church,0
Tanner Y Hollenbeck,1
Tawanda E Buchanon,1
Taylor O Thill,1
Taylor Thill,0
Tayna L Covarrubias,1
Teddy Kleinschmidt,1
Tempie Peralta,1
Terra D Routh,1
Terra Routh,1
Terrance E Schiefelbein,1
Terrell J Leader,1
Terrell Leader,1
Theda Timothy,1
Theresa Fitzmaurice,1
Theresa R Fitzmaurice,1
Therese Q Belden,0
Theron T Kramer,1
Thomas B Felipe,1
Thomas H Huang,1
Thora Vanhook,1
Thurman T Caceres,1
Tiffaney A Schoenberg,1
Tiffaney Schoenberg,1
Tim N Schueller,1
Tim U Kornegay,1
Timmy I Poteat,1
Timmy Kitchens,1
Tinisha V Vince,1
Tiny Llanos,1
Tiny Q Llanos,0
Tiny Z Oliveri,1
Titus Eide,1
Toby Riles,1
Tod Rene,1
Toi F Stallard,1
Tomas V Krout,1
Tommie S Fargo,1
Tommy I Meadows,1
Tona S Huseby,1
Toney Buffum,1
Toney O Gentle,0
Toney W Bollman,0
Tonia Silvis,1
Tonia X Silvis,1
Tonja E Lenahan,1
Tonja Lenahan,1
Tony E Keough,1
Tony Keough,1
Towanda H Matson,1
Toya B Rawlins,0
Tracey Lapinski,1
Tracie J Winebarger,1
Trent J Lockman,1
Tressa Q Standard,1
Tressa Standard,1
Trey Kaiser,1
Tristan L Cockrell,1
Tristan M Brackett,1
Troy J Higbee,1
Troy Michalski,1
Tuan L Rhymes,1
Tyler D Galindo,1
Tyler Galindo,1
Tyler N Larkins,1
Tyree W Linden,1
Tyrell R Bramlett,1
Tyson High,1
Ula W Hartl,1
Ulysses S Abate,1
Un Zebrowski,1
Ute Outen,1
Valarie O Gorecki,1
Valencia M Cuffee,1
Valene R Yost,1
Valene Yost,1
Valene Z Woodmansee,0
Valentin Escoto,1
Valentin T Dearborn,1
Valentine Gibbon,1
Valeria Fang,1
Van E Broadbent,1
Van T Dotson,1
Vance Kuss,1
Vasiliki E Thoman,1
Vasiliki Thoman,1
Vaughn Garica,0
Vaughn N Garica,1
Velda V Larue,1
Verla H Contreras,1
Vern T Lomeli,1
Vernell X Amado,1
Verona H Brobst,1
Veronica I Mower,1
Vicki V Broussard,1
Vicki Y Hargrave,1
Victor Helmuth,1
Victoria H Musson,1
Vikki N Lezama,0
Vincent N Lennon,1
Vincenzo Rentschler,1
Vinita E Chamber,1
Violet L Ertel,0
Virgil R Yuen,1
Vivienne X Binion,1
Voncile P Trojanowski,1
Vonda U Mckinnis,1
Waldo Witmer,1
Walter B Mcmorrow,1
Walter H Hargreaves,1
Walter R Seddon,1
Walton S Keim,0
Walton U Kapoor,1
Warner I Manly,1
Warren L Manion,1
Waylon Z Curtsinger,1
Wendolyn Riddle,1
Whitney N Wasinger,1
Wiley U Maske,1
Wilfred Honore,1
Wilhelmina Y Keaney,1
Willia Vath,0
William B Mcnerney,1
Williams Timko,1
Willian Zeringue,1
Willis D Weissman,1
Wilton Florence,1
Windy A Dudek,0
Windy Dudek,1
Windy Pharr,1
Windy S Pharr,1
Windy Valadez,1
Winona Slape,1
Wm S Goldschmidt,0
Xochitl Hogan,1
Xochitl Luse,1
Yong Ramsey,1
Young Rueb,1
Young W Funes,1
Yung G Booher,1
Yvone Seay,1
Zachary Haugland,1
Zachary S Velasquez,1
Zachary U Breeden,1
Zachary Velasquez,1
Zachery Barna,1
Zack H Mumaw,1
Zackary G Parkins,1
Zana G Ordonez,1
Zane J Hurdle,1
Zella Renn,1
Zenia D Owings,1
Zoila X Nair,1
